X1	A	C	D	E	F	G	H	I	K	L	M	N	P	Q	R	S	T	V	W	Y	*
K131	0.639558896	NA	-0.060490281	-0.077032038	NA	0.071436255	0.218561843	0.453087586	NA	-0.074578768	-0.021662889	-0.030006449	1.642396498	0.005854898	-0.030430924	-0.028424191	-0.017875901	0.631945712	NA	-0.918471276	-3.635593748
N132	1.288971113	0.632882832	0.656331295	0.812168679	0.493528512	0.378310005	0.333681438	-0.265246876	1.241214114	1.659635559	1.898700504	NA	0.506626013	0.782260456	1.108733872	1.134001067	1.54464072	1.690146245	NA	0.630687134	-1.970938696
L133	1.687038602	1.62176584	NA	1.304969234	1.592314883	1.766514212	NA	0.47501669	1.743306821	NA	0.644867004	NA	1.928618932	1.323198332	2.068610813	1.796022409	1.698912702	0.726555457	1.900095289	2.195819026	-4.057943599
H134	NA	0.359978182	-0.013893257	NA	2.011094757	0.006341227	NA	1.935951899	NA	1.274160767	NA	0.698512833	-0.198309811	0.896068144	-1.231551141	-0.635954449	0.76426644	0.87594459	NA	1.658309483	NA
P135	0.218754323	NA	0.496666854	NA	NA	NA	0.142570109	0.55888225	NA	0.447341296	NA	0.240806481	NA	0.452742897	0.330934986	0.149956535	0.330436567	NA	NA	-0.145661866	NA
D136	0.085329523	0.26331388	NA	-1.113977253	NA	-2.067583638	0.006124492	0.305901509	NA	0.809944014	NA	-0.997864884	2.056806294	-0.833435173	-0.973480891	0.163580969	NA	0.658485146	NA	0.210404277	NA
I137	1.868178788	-2.788074639	NA	NA	-3.39265707	1.682451616	2.238071513	NA	1.94919732	-1.739357104	-3.011335554	1.798865236	1.932943149	NA	1.833387262	1.753597694	-3.022049127	-3.061182767	NA	0.230556384	NA
D138	0.962343125	-0.927770837	NA	0.081978701	2.154094848	-2.0865555	0.876533561	1.676192625	NA	1.387431395	NA	0.144164184	1.706780945	-0.539092909	-0.704152156	-1.362892583	-1.302986831	1.602597873	NA	1.907959857	NA
N139	-0.10218323	NA	-0.014720388	-0.293219055	1.113256431	-0.474284614	0.052224745	-0.319777044	-0.374520851	-0.578621274	0.066947992	NA	0.598256489	-0.345960517	0.218095128	0.031019383	0.275744446	NA	NA	0.833067715	-2.220486166
K140	0.175218139	NA	-0.181962304	0.276611625	NA	0.158344321	0.264653223	0.240806481	NA	-0.80994682	0.035367516	0.164850284	0.335987235	0.174960031	0.032867522	0.335987235	0.276213968	1.065234916	NA	-0.256693179	-4.909538152
A141	NA	NA	-2.078596409	NA	NA	-2.544446341	NA	NA	NA	NA	NA	NA	1.722681265	NA	NA	0.09739739	-0.190603988	-0.853179264	NA	NA	NA
L142	1.355036232	1.467182416	NA	1.281201068	0.959433802	1.686520795	NA	0.540431398	1.518675928	NA	0.808439317	NA	1.864088644	1.976897449	1.659333194	1.689836804	1.056293049	0.863763956	1.815575346	1.870418739	-4.593427208
Y143	0.485509064	0.139131391	0.757271311	-0.060772969	0.100589551	NA	0.044427966	0.605803298	-0.213856981	-0.468062898	NA	0.075739708	1.539728123	0.151289563	0.458853432	0.315658205	NA	-0.011580681	NA	NA	-4.667788925
D144	0.088519706	0.502678829	NA	0.091375428	1.089927857	-0.10000157	0.4671704	0.483663005	NA	1.228733648	NA	-0.220292271	1.894386294	NA	-0.578621274	-0.121148508	0.565768636	0.955851457	NA	0.852234676	NA
T145	-0.802886109	NA	1.368911307	NA	NA	NA	NA	0.051622106	NA	NA	NA	-1.423766003	1.63263255	NA	NA	-0.384527464	NA	-0.623015393	NA	NA	NA
F146	0.365883614	-0.034573207	NA	NA	NA	1.703778457	1.638190116	1.204267684	NA	-0.319378447	NA	1.873890931	1.251453725	NA	1.879190249	1.412059422	1.223152616	0.286503861	1.541937651	1.637128092	NA
S147	-1.343529578	-0.758170694	0.66930624	NA	0.764795013	-0.635204802	0.966812863	NA	NA	-0.031133478	NA	0.627829604	1.571393598	NA	NA	NA	0.348866227	NA	1.474490063	0.402720055	-0.731472762
V148	-1.744751176	NA	NA	-1.485091809	0.158344321	-3.376100652	NA	NA	NA	-0.422549559	-0.391762765	NA	NA	NA	NA	NA	NA	NA	-0.39306562	NA	NA
F149	0.842221847	-3.250970365	1.730706785	NA	NA	1.421378726	NA	1.353378007	NA	1.736016868	NA	1.552309596	1.861951318	NA	NA	1.544936566	NA	1.473985471	0.813696149	-3.357142432	0.750259582
G150	1.760897468	0.816946475	1.543916433	1.709359489	NA	NA	1.712196289	NA	NA	-0.805392135	NA	2.054200866	1.900032325	NA	1.565956713	1.794507781	1.158344321	-1.81544903	1.470934551	0.262180132	0.300363325
D151	0.173743687	NA	NA	0.091820249	NA	0.285363221	-0.036330537	NA	NA	1.01277571	NA	0.009916056	NA	NA	NA	NA	NA	-0.004656192	NA	0.819197513	2.53578572
I152	1.70280499	1.908186809	1.691904922	NA	2.093786393	1.225043914	1.382072664	NA	2.052576718	1.06561796	1.694891251	1.80607693	1.164778803	NA	1.861760256	1.826907532	1.745982665	0.395550573	NA	2.406992666	NA
L153	0.966420074	NA	NA	NA	0.693624463	0.512702107	NA	NA	NA	NA	0.458712589	NA	1.730648623	NA	-0.054338486	0.342660189	NA	0.351820862	0.868878074	1.325075104	1.23542377
S154	0.682808911	0.286380693	NA	NA	0.409788546	NA	1.875272186	NA	NA	1.172253924	NA	NA	1.956788505	NA	NA	NA	0.706226609	NA	NA	0.763245568	1.536855969
S155	1.154248136	-0.103884141	2.10851199	NA	NA	1.244439032	NA	-2.615618408	1.432252274	NA	NA	1.149365915	1.239844618	NA	2.054716014	NA	-0.263011806	NA	NA	NA	NA
K156	1.360699013	NA	1.163662166	0.500741619	NA	1.471730326	0.767019296	0.813211218	NA	0.719780107	0.553573363	0.434980156	1.910386039	0.457142317	0.485818813	-0.159557798	0.20973217	1.076906047	NA	1.162759636	2.071113646
I157	1.360699013	1.22097425	1.404420391	NA	2.120751351	2.291436351	2.747722136	NA	1.75662769	0.472064814	1.164243381	1.998693479	1.923635208	NA	2.013638308	2.076922037	1.708274838	-0.11223687	NA	2.302818097	NA
A158	NA	NA	0.768698962	NA	1.097664608	0.835161973	NA	NA	NA	NA	NA	NA	0.970844704	NA	1.028123674	0.627913632	0.795450366	0.2059934	NA	NA	NA
T159	0.952836566	NA	NA	NA	1.052576718	0.652879765	NA	0.656154897	0.623733419	1.245221796	NA	1.095169183	1.648921086	NA	NA	0.763849789	NA	NA	NA	NA	NA
D160	1.256038021	1.059529479	NA	1.016523526	0.457996215	1.149026685	0.940288342	2.029874518	1.975408857	1.185612307	NA	0.896168557	2.018593037	1.18736741	2.238215007	0.998128934	1.238708489	2.038915993	NA	0.977760269	1.209757115
E161	0.368863693	NA	0.50779974	NA	NA	0.604045084	0.572203119	NA	0.412331782	0.496760563	NA	0.119690914	1.185612307	0.528240983	0.988730236	1.038770918	NA	0.555649708	NA	0.443161174	1.846817118
N162	0.440133481	NA	0.494117805	NA	0.708622317	0.480280629	0.358425262	0.876627929	0.209565275	0.884260969	NA	NA	1.831018948	0.526708965	-0.059204241	0.446182526	0.575851491	0.256362354	NA	0.505230857	1.473909624
G163	1.338315425	0.861893156	1.168053935	1.16912635	NA	NA	NA	1.954073754	NA	1.080591094	NA	NA	2.065955748	NA	1.551426711	1.733508277	NA	1.855531347	1.673486454	NA	1.283257786
K164	NA	NA	0.859800777	0.449535095	NA	1.245221796	0.080591094	0.49925379	NA	1.063018465	NA	0.460884802	2.061138731	0.418355056	0.644491979	0.360699013	0.574557558	NA	NA	0.875272186	1.79607712
S165	1.151045704	-0.065324347	1.75924839	NA	1.982684571	NA	1.264483698	NA	NA	1.248806133	NA	NA	0.672469993	NA	NA	NA	1.151441994	2.115586516	2.045197188	1.896599148	NA
K166	NA	NA	1.443161174	0.63301666	NA	NA	1.33095167	0.434699595	NA	0.846125841	0.168053935	0.779022835	NA	0.497103062	0.46219620300000003	0.833951127	0.392892018	NA	NA	NA	1.187798841
G167	1.556132986	0.819728509	1.888252551	0.572203119	0.792415254	NA	NA	NA	NA	NA	NA	1.102387018	2.01277571	NA	1.158892364	1.245309805	1.25760552	2.196933338	0.493965544	1.121912154	NA
F168	NA	0.658989571	NA	NA	NA	1.360699013	NA	0.409429996	NA	0.604616099	NA	NA	2.048755007	NA	NA	0.964671271	NA	0.376587886	NA	0.346598816	1.458546337
G169	0.413082685	1.78751368	2.351653874	2.048983926	NA	NA	NA	NA	2.342551667	NA	NA	NA	2.348420684	2.028717254	2.19322709	2.543920837	1.857636766	-1.562860181	-1.0901023	NA	1.727481344
F170	1.253783809	1.395597592	1.815264877	NA	NA	1.259415678	NA	0.678377635	NA	0.773181522	NA	NA	1.984550527	NA	0.775736513	0.807693279	NA	0.495327687	NA	0.255413634	1.493965544
V171	1.875871935	NA	1.991876725	1.623733419	2.223619999	2.020988189	2.025095982	0.27351084	NA	1.453767543	1.910896096	1.443161174	1.924599899	NA	2.278236853	2.056219889	2.598858751	NA	NA	1.85102464	NA
H172	NA	NA	0.465122515	NA	NA	NA	NA	NA	NA	0.961981768	NA	0.940288342	2.029517728	0.10602116	-0.196123007	0.498202537	1.405093133	NA	NA	0.658744478	1.650205631
F173	NA	2.066185225	1.701735931	NA	NA	2.341070207	1.628632219	1.979836447	NA	1.772155988	NA	1.795101837	1.57792973	NA	1.90501953	1.995390728	1.181728872	2.143521729	2.1127715	0.012205858	1.801271605
E174	0.23163644	NA	0.509535194	NA	NA	0.050635569	1.014523372	NA	-0.363716367	0.984550527	NA	NA	0.905504388	0.231016966	NA	NA	NA	0.41893881	NA	0.491943547	1.849372961
E175	0.413873099	NA	0.238669711	NA	NA	0.542034154	NA	1.590180859	-0.027737824	0.852904373	NA	0.83345201	2.374504813	0.193058287	-0.075400101	0.206370867	NA	1.075969536	NA	0.256362354	1.976512166
E176	-0.325023273	NA	0.014116766	NA	NA	0.162999976	0.442341801	NA	-0.01874574	-0.151958565	NA	-0.155942078	NA	-0.174929366	NA	NA	0.266184846	0.197349089	NA	0.308423133	0.939948449
G177	-0.117688662	-0.11192085	0.051963919	0.413195455	NA	NA	NA	NA	NA	NA	NA	NA	NA	NA	-0.33586181	-0.081278341	-0.329006787	-0.034683765	NA	NA	NA
A178	NA	NA	0.305150277	1.311912119	NA	0.891268071	NA	0.407378129	NA	NA	NA	NA	0.177364123	NA	NA	0.167677719	0.456389689	0.406485234	NA	NA	NA
A179	NA	NA	1.582030238	1.112259074	1.937998132	0.439667666	2.231442577	1.917714963	NA	2.143274664	NA	NA	1.711422583	NA	NA	0.436588274	1.571466409	0.480955297	NA	1.674269584	NA
K180	NA	NA	0.036703	0.034231491	NA	NA	NA	NA	NA	NA	0.327635693	0.048583844	1.537691873	-0.081536113	0.085350917	0.447572865	0.032586636	NA	1.528476933	NA	1.292471235
E181	-1.924188819	NA	-0.079750828	NA	NA	-0.914901399	NA	NA	-4.676373346	NA	NA	NA	NA	-0.381085111	NA	NA	NA	0.05553565	NA	NA	1.229154631
A182	NA	NA	1.687889108	1.761595761	NA	1.626484673	1.847443378	1.897284955	NA	NA	NA	NA	1.871298727	NA	NA	0.604298368	0.897364657	0.493542588	NA	NA	NA
I183	NA	NA	1.802237746	NA	0.801191481	-0.173514708	0.509455997	NA	0.620630939	0.210937698	0.045621064	1.479392489	1.950336385	NA	NA	0.320431234	0.199734664	-0.100167728	NA	NA	NA
D184	-0.783495219	NA	NA	-0.277611206	NA	-1.617176296	-1.200621908	NA	NA	NA	NA	-2.028963918	NA	NA	NA	NA	NA	-0.471512981	NA	0.036352363	NA
A185	NA	NA	1.335327268	NA	NA	-3.616475412	1.485565376	NA	NA	NA	NA	NA	1.844287685	NA	NA	-0.91640319	0.130227594	-0.211418699	NA	NA	NA
L186	NA	NA	NA	NA	-3.358701419	NA	NA	NA	NA	NA	-4.630376147	NA	1.802237746	NA	NA	-3.106655203	NA	-0.25291462	-5.218615956	NA	1.568162322
N187	NA	NA	0.038250333	0.446093936	1.306280251	NA	0.031719592	0.541583482	0.20668661	1.916408766	1.53920334	NA	1.543812593	NA	1.065272152	0.169654003	0.097954255	1.281405583	NA	0.924078869	NA
G188	0.180964841	0.848637001	1.022354728	0.444685741	NA	NA	-0.213359109	NA	NA	1.095968949	NA	NA	1.654139107	NA	-2.445131341	0.714443872	NA	1.273833563	NA	0.387200247	NA
M189	NA	NA	NA	NA	-0.161236378	NA	NA	-0.820711429	-4.263851445	0.234384126	NA	NA	NA	NA	-1.303505964	NA	-4.64798375	-1.103870689	NA	NA	NA
L190	NA	NA	NA	NA	NA	NA	NA	NA	NA	NA	0.039135087	NA	-1.294420124	-0.146906643	-0.253942288	NA	NA	-0.490630343	NA	NA	NA
L191	NA	NA	NA	NA	-0.686093513	1.23813385	NA	0.509455997	NA	NA	0.023437848	NA	2.051409498	NA	NA	0.074521972	1.055003816	0.031269638	0.314517083	NA	0.803820516
N192	0.409920323	NA	-0.477660098	0.776702654	NA	NA	-1.978040466	0.77443105	-1.5110428	NA	NA	NA	0.430981939	0.557125248	NA	0.05364199	0.765615949	NA	NA	-1.492243344	NA
G193	0.672906406	0.860676971	0.246275117	NA	NA	NA	NA	NA	NA	NA	NA	NA	NA	NA	1.062880385	0.592674548	NA	1.416981919	NA	NA	NA
Q194	NA	NA	NA	-0.313748448	NA	1.27867579	-0.098210785	NA	-0.121781648	-0.124538917	NA	-0.258062764	0.947173591	NA	0.018752775	0.240358858	NA	NA	NA	NA	-0.182584726
E195	-0.262674253	NA	0.350028346	NA	NA	0.567619022	0.001769209	NA	-0.850982283	NA	NA	0.249696723	-0.868300487	-0.244085712	NA	0.483227134	NA	-0.148812009	NA	NA	0.330384941
I196	NA	NA	NA	NA	0.460604242	NA	0.48520845	NA	NA	-0.37933325	0.174831061	0.645708338	-0.487006539	NA	0.635340437	0.641562382	0.307750426	0.007994645	NA	NA	NA
Y197	1.548481154	-0.116630836	-0.318010803	NA	-0.5953827	-0.175042178	-0.243565944	NA	NA	-0.252210038	NA	-0.255906296	1.423726123	-0.430423011	-0.18711501	-0.544127462	NA	NA	NA	NA	0.31349056
